"TFName","n_genes_targeted","total_positive_events","mean_of_gene_mean_abs_TSS_distance","median_of_gene_mean_abs_TSS_distance","sd_gene_mean_abs_TSS_distance"
"HSF1",1,3,168,168,NA
"ZNF136",2,6,305.5,305.5,328.804653251745
"TBXT",3,18,1423,54,2372.04363366275
"ZNF140",4,12,2829,361,4956.03739560818
"ATF6",6,18,3784.5,1411.5,5613.99557356434
"E2F1",3,10,3838.66666666667,826,5609.6591993929
"RFX1",4,24,5289.5,5321,5709.96004072416
"RFX3",4,24,5289.5,5321,5709.96004072416
"RFX5",4,24,5289.5,5321,5709.96004072416
"ZNF547",1,3,5346,5346,NA
"E2F7",5,15,5539.4,4897,4092.55107481874
"TP73",7,22,9602.28571428571,13151,6940.18469289028
"SOX12",2,6,9781.5,9781.5,9714.94006672198
"TBX19",6,15,11950,5065.5,21481.0909127074
"ZNF343",10,30,12358.3,6425,20817.5646726508
"ZNF610",47,203,13594.18591692,3644,24825.7074192098
"ZBED4",62,340,13759.1485407066,2494.75,30339.4300048176
"ELK1::SREBF2",12,36,15894.25,6586,24977.344080095
"THRA",1,1,16454,16454,NA
"NR3C1",1,2,16463,16463,NA
"Pgr",1,2,16463,16463,NA
"ERF::SREBF2",3,9,16906.6666666667,14758,4118.35553750928
"CREB3",15,59,17150.2,2812,37484.2352543039
"CREB3L1",8,23,18342.25,4076,40827.3076917538
"Pou5f1::Sox2",2,6,19159.5,19159.5,3550.38314833766
"RREB1",8,33,19472.875,8487.75,25521.359208304
"POU2F1::SOX2",2,6,20181,20181,4995.00230230177
"NR3C2",4,7,20727.25,12056,20869.3864208638
"Nrf1",19,131,21953.4526315789,495,74699.3384824448
"RFX4",4,24,23435.75,4209,40633.44898295
"ZFP42",6,18,23982.6666666667,5699.5,40241.2841627435
"Ar",2,3,24362.75,24362.75,11171.2264825757
"ZNF707",2,6,24471,24471,12609.1281221185
"NR5A1",5,10,29074.2,10338,39778.5014323064
"ZNF528",4,12,29097,6663,49351.5497696543
"KLF17",16,54,29251.0625,1584.75,57191.4945945855
"FOSB::JUN",15,84,30124.2555555556,123.5,66157.750037582
"XBP1",27,95,30512.2592592593,5571,58679.1947163968
"POU4F2",5,15,30700.8,8442,39861.988682202
"KLF15",96,605,30946.0508952419,7162.5,73209.8753222131
"Nr2f6",4,5,31040.5,38602.5,16675.9075015425
"Rxra",6,9,31528,38602,23688.5302709982
"ZBTB24",37,89,31719.6756756757,9787,63095.6285098941
"RXRB",13,40,32381.5846153846,6822,54013.8211084571
"KLF13",11,34,32390.4727272727,324,90788.1746998924
"ZNF416",16,36,32468.75,11769,66194.5150189953
"KLF3",82,430,32605.5980590548,5775,98274.3972384807
"RXRA::VDR",4,6,33326,21392,38554.2588481912
"RARA::RXRA",2,4,34228.5,34228.5,11605.7435996148
"PPARA::RXRA",8,18,35579,40744,29186.6997204451
"MYBL1",6,23,35604.8333333333,11748.5,49645.3846612821
"RARA::RXRG",10,22,35973.05,21232.5,44579.3244667737
"ZNF684",5,15,36884,182,74997.2847075146
"TP53",2,12,38085,38085,41934.260551487
"ZIC1",16,50,38467.4375,12317,44675.3645248605
"ZNF524",40,114,38970.0321428571,3895,80628.5485285436
"TEF",39,186,41323.4756410256,14244,63654.6622132349
"CUX2",11,24,41853.4545454546,20466,57152.7878241537
"Znf423",36,149,42333.4852843915,12240.1666666667,63372.4649248119
"CEBPE",28,170,42434.4142857143,12437.5,70611.4360927973
"ZIC5",17,56,42467.4852941177,8911,96175.7488200504
"Zfp961",40,124,42988.175,6416.5,86193.431084393
"HES2",47,200,43033.251266464,5552.5,86290.7287276046
"E2F8",75,293,43268.1333333333,5484,103917.779562197
"PLAGL2",78,486,43622.3094148492,8053.5,100612.371826363
"GMEB2",30,148,44314.4,7535,90222.1517356865
"CEBPB",28,172,44515.0928571429,12437.5,71391.6021209567
"Gli1",25,59,45107.96,6647,83868.171063024
"ATF7",17,108,45210.4705882353,4155,78062.8242065867
"E2F4",5,13,45243.5,826.5,94783.0829974421
"Mafg",20,81,45723.375,10747,72150.2822803091
"RXRG",16,49,45772.7875,6773.5,84976.0593230656
"SP3",98,548,45839.1319155334,7487,196424.116359662
"Hmx2",4,11,46302,45311.5,51511.9576085657
"HEY2",47,165,46400.5532835958,5570.90909090909,93504.3295546803
"NR1I2",11,21,46563.2727272727,34393,39353.4835004245
"ZNF16",1,3,46572,46572,NA
"ZFP14",58,172,46652.6086206897,8711.5,122247.980574437
"CTCFL",91,332,46929.8048534799,10086.5,87211.8281025443
"Zbtb2",65,226,47981.1461538462,7209,101216.219948533
"RARG",9,34,49025.2777777778,6821.5,103729.014666857
"MLX",15,81,49145.7333333333,21940,67271.9417943391
"ATF3",15,102,49182.9333333333,4155,82384.2549166636
"FEZF2",94,373,49555.3172492401,9002.5,93688.6211870941
"HSF2",5,14,49761.2,28789,55699.2503154217
"PLAG1",13,63,49893.2307692308,29447,66574.9382352371
"ZIC4",39,118,50151.7307692308,9628,85488.0497169392
"NFIB",9,48,50588.1111111111,10674,87732.8479667742
"Gmeb1",78,764,50900.8311965812,7333.5,129844.397040455
"YY2",66,243,50977.3493761141,8448,96146.7135719025
"ZNF75D",19,48,51571.7894736842,7180,96995.4831551901
"ZBTB14",50,183,51805.3366666667,6783.5,106543.546678118
"ZNF354A",4,11,52258.625,40224.25,54616.4287758653
"PPARD",14,37,52378.7714285714,17164.5,88013.3705992747
"ATF4",28,78,52505.2642857143,26260,77832.8791599417
"ZNF682",17,56,52705.0882352941,3630,84445.8057632666
"ZNF148",83,449,52953.119879518,8885,213804.881574126
"ZNF320",13,39,53273.7692307692,29401,68513.5392059529
"ZNF85",17,38,53454.5882352941,30862,51465.1275137578
"Nfe2l2",44,143,53532.9507575758,18206.5,85214.0791952542
"PBX3",18,77,53806.7314814815,15311.3333333333,79496.3689986801
"KLF12",94,629,53812.9751139818,8461.5,206127.517650344
"ZNF692",88,342,54042.3625944317,8936.625,138438.656977766
"Plagl1",67,235,54344.8555970149,7811,111855.925490131
"SMAD5",13,49,54863.6153846154,15320,81189.6767499195
"Zfx",73,258,55009.4985072006,9092,108123.227322328
"Bach1::Mafk",30,104,55020.7833333333,18206.5,76140.3890470486
"EGR1",59,293,55066.5991928975,2809,249683.631490106
"MAFG::NFE2L1",36,122,55158.2638888889,22616,89996.4649896623
"ZNF213",30,84,55175.2833333333,12082.5,92263.9512958267
"ZNF574",9,20,55245.2222222222,7420,96961.4329834004
"SP8",90,522,55260.422756734,8322.5,209585.843998896
"EPAS1",20,68,55389.05,7664,88893.5248668908
"CEBPG",49,297,55541.2023323615,23155,79939.3612394264
"RARB",7,30,55679.6428571429,6821.5,117301.26612691
"PATZ1",98,730,56035.2510370157,8926.66666666667,205411.088192489
"FOXD2",47,125,56233.0567375887,22072,82696.0751764757
"HES5",35,236,56632.7363636364,8554,98568.5399176676
"ZNF417",38,161,57076.0657894737,7426.5,103911.008385442
"Six3",4,11,57265.25,13899,96680.0057729105
"SP2",112,760,57492.6993197279,9050.83333333333,195893.033372191
"NFYA",48,157,57506.4194444444,12592.8,97600.158579691
"USF2",23,134,57593.652173913,28812,73146.691903455
"ELK3",103,439,57866.9177993528,8504,111533.762874452
"TGIF2",8,41,57909.25,13825,84201.5627777435
"ZNF677",6,14,57961,30602.5,67746.8513836621
"KLF10",109,720,58259.4916666666,9144.66666666667,197172.017434058
"IRF5",10,33,58875.9,21775,87410.7241557541
"NFIC::TLX1",8,36,58890.875,17602.75,90564.745969685
"Creb5",19,113,58931.8947368421,5571,83302.8917642951
"E2F2",11,32,58989.4090909091,9329,131247.186690386
"Zic2",56,172,59312.8428571429,11222.75,92342.0656577446
"ZNF331",17,45,59378.8455882353,9268,94294.7431823185
"KLF7",109,657,59538.7853123251,8886,198121.497000632
"MAF::NFE2",44,142,59637.2689393939,26431.1666666667,87677.0639089278
"DBP",49,266,60126.0025510204,23508,81640.9165532779
"ZNF454",22,70,60260.9318181818,9443.5,126992.363342418
"TFDP1",83,397,60425.5817269076,6680,129804.45127337
"CEBPA",35,124,60487.5412244898,22200.2,89649.156112743
"HLF",39,125,60661.9786324786,26323,77672.5093910396
"KLF2",139,1136,61097.9915354861,10119.25,181167.171907209
"ZNF281",91,508,61275.9538221704,9161,229973.207853552
"CTCF",48,162,61633.0375,14551.5,108741.531294094
"HEY1",28,128,61924.7619047619,8340,105930.085428444
"EGR4",44,177,61942.0056818182,944.25,287947.646432877
"EGR3",37,142,62102.8243243243,247,312876.876958287
"PBX1",21,49,62215.2857142857,18311,82705.8160730809
"Msgn1",24,63,62323.6666666667,16046.5,103136.847416079
"BHLHE41",15,83,62342,31881,70801.3784147496
"SP9",104,650,62481.3413814551,9595.25,204137.258902376
"RFX2",6,33,62489.1666666667,10234,131035.957236808
"ZFP57",63,310,62576.6616402116,4755.8,148674.53993378
"TCFL5",93,672,62777.2216570168,9997,128554.310221572
"KLF6",115,584,63036.488597779,10056,195925.923627618
"ZNF740",64,436,63081.4577724359,7487.2,244608.89965335
"CREM",15,102,63174.4,4155,91725.2964808898
"NFIL3",37,102,63213.4031531532,30818.5,73366.4371456024
"KLF4",119,695,63381.4323076374,10333,192287.082450087
"LHX2",51,137,63521.1223155929,27937,88476.0858598907
"IRF2",17,63,63573.2941176471,8928,92179.8675340532
"TBX21",21,45,64016.4285714286,11447,107531.356136046
"HES7",5,22,64195.8,4807,84143.3810391524
"HINFP",101,393,64419.4150165016,8450,207198.262550551
"SP1",105,690,64538.0852261606,9304,210289.310299219
"POU2F2",6,16,64674,54654.5,38680.6988251247
"PAX6",6,16,64842,29194,69496.6935932926
"ZNF770",97,368,64939.4585624284,9119.2,146028.674112791
"ZBTB33",7,31,64967.8571428571,2822,119214.947634414
"Zfp809",44,109,65057.6287878788,8880,118364.526698677
"GLIS2",9,23,65059.3333333333,15311,126638.757116453
"MAFA",20,104,65092.65,10596,93211.3855724972
"HOXB13",37,96,65163.4301158301,28751,79455.1752041501
"KLF16",105,563,65178.1130158731,8837,219979.543800599
"ZKSCAN3",2,2,65302.5,65302.5,88135.9105274348
"ZNF449",38,115,65486.7653508772,14401.375,112897.299396348
"EGR2",41,165,66083.1890243903,247,298777.139759456
"Zic3",76,298,66172.550877193,17619.75,111395.385829648
"KLF1",131,854,66295.7738136334,10055,203160.922230629
"KLF9",56,242,66372.8334183673,4598.25,259477.564895562
"HNF4A",24,49,66968.7291666667,40249.5,82746.0058479088
"HNF4G",24,47,66968.8541666667,40249.5,82745.9645141682
"Msx3",63,229,67029.1514189514,22173,121030.308922031
"Ddit3::Cebpa",33,85,67185.3787878788,15674,107705.324134231
"PAX5",58,186,67381.841954023,8279.5,148376.201656825
"CREB3L4",61,367,67672.381602414,7849,144198.771210921
"TFAP2E",149,1668,67986.5680900568,10127.1428571429,156386.188951027
"IRF8",16,63,68004.21875,18061,95443.9370082369
"Gli2",35,90,68109.2,14358,100360.724812988
"NR4A2",81,208,68436.3940329218,21130,96069.4405389877
"Ppara",79,163,68515.3728902954,14717,129171.437868679
"IRF4",13,39,68540.2307692308,21628,99173.9912402725
"CDX2",38,106,68808.0639097744,24596.7142857143,93070.7934454024
"Smad4",90,280,68821.5144444444,14395,131748.078663564
"TBX15",58,168,68887.6489326765,13419.5,107713.016705993
"PKNOX1",28,95,68974.3,16194.5,105901.724477107
"TBX1",46,123,69280.7768115942,12361.5,105801.527274345
"ZSCAN29",7,17,69281.2857142857,23597,102149.386705149
"PAX1",15,40,69530,26019,93258.0161357265
"TFAP2B",145,2103,70105.7031376809,13123.25,157668.830752603
"PRDM9",56,256,70399.8265306122,16625,122724.707058543
"MAZ",104,672,70594.5867173692,13383.9711538462,207130.030276104
"Lef1",36,103,70606.1626984127,38112.5,81746.5612670523
"ELK1::HOXB13",20,60,70719.4,21239,133067.631713865
"KLF11",113,625,70820.4974399494,10056,200326.45693114
"MYC",39,146,70909.9921104536,10303,108045.287797149
"PAX9",10,22,70958.5,29906.5,103569.370373731
"ZBTB7B",31,95,70971.2258064516,15626,106369.539842776
"ZBTB7A",166,798,70978.225,14114.5,136179.09398718
"CUX1",15,48,71073.2476190476,33408,86796.5832777722
"Prdm14",33,100,71074.6919191919,13299,108936.059197045
"ZBTB11",134,582,71077.3291755508,11007.5,143726.260353885
"ZBTB17",9,38,71129.7777777778,33332,77154.6268877923
"CEBPD",59,238,71294.2923728813,26389,118157.138795045
"SOHLH2",25,125,71345.95,10303,107683.419547983
"TBX5",91,318,71453.122284858,14309,109072.979880697
"MAF",21,116,71572.0476190476,14336,95580.2215102456
"MAX",73,388,71732.8748858447,17236,106657.163859528
"Zic1::Zic2",120,511,71779.1856313131,15308.6666666667,135346.705074709
"KLF14",123,781,71956.2912718718,10056,211847.167529588
"Tfcp2l1",70,243,73106.2678571429,14106,177180.215891584
"MNT",68,366,73217.2102941176,19588,107997.332527569
"Mlxip",68,366,73217.2102941176,19588,107997.332527569
"VEZF1",161,2438,73229.7344676207,11425,190612.210441004
"Creb3l2",45,194,73523.4554938272,7849,170788.886182231
"ETV5::DRGX",46,141,73647.6739130435,19800,115757.816511755
"Six4",64,185,73691.6332217262,17724,124219.088392107
"TAL1::TCF3",40,178,74075.975,14975.5,124622.904099443
"ZNF184",69,253,74184.3630434783,39646,110811.056062983
"Arnt",69,369,74291.1347826087,21940,107570.821076305
"Pparg::Rxra",59,206,74333.3305084746,16100,122198.84964644
"TFAP2A",143,1889,74392.5678591067,13291,160813.93984252
"POU4F1",6,13,75001.2777777778,44613.5,73052.6601454706
"REL",88,331,75029.6975961539,16143.75,124733.408711707
"Wt1",71,266,75213.9664319249,8944,240098.347214981
"DPRX",29,91,75648.775862069,21954,100446.318982507
"ELK1",135,613,75915.9634567901,13272,148933.157205847
"PAX8",30,93,76014.4766666667,20006,159832.997782262
"Ebf2",85,506,76114.4060905895,21158,141987.521273524
"ZNF418",19,62,76204.7894736842,21920,87878.3366375095
"SNAI3",66,279,76533.5145382396,8979,244486.9540727
"Nanog",51,144,76575.7990196078,16114,173816.100814036
"GATA2",51,125,76585.162745098,40099,91052.3085604972
"ZNF530",48,187,76626.4451388889,14746.75,123190.067877508
"FOXE1",46,120,76659.2989130435,23416.375,113888.757662962
"NR4A1",65,142,76692.0858974359,21891,112589.934948876
"TCF21",64,295,76763.467362065,16418.5,119388.552857346
"HESX1",74,333,76845.0704326079,26907,127589.713051625
"TFAP2C",133,1665,77452.9378593825,13370.3333333333,165377.175338937
"ZBTB12",80,212,77753.8191468254,19758.5,134182.595308676
"HOXB2::ELK1",24,70,77771.875,10130,138719.382004388
"ISX",71,311,78197.214253704,25877,129807.877316547
"Nobox",71,311,78197.214253704,25877,129807.877316547
"NEUROG1",26,135,78359.6236263736,21155,110404.987153416
"MAX::MYC",17,74,78617.931372549,8516,114658.382574411
"DUXA",13,54,78629.2307692308,55438,70032.0183203772
"HNF1B",11,51,78675.9090909091,33312,92543.1724617808
"Sox5",33,86,78723.3333333333,33389,94571.7344862045
"GSC2",93,211,78885.2871735791,39107,124026.794385717
"HES6",15,48,78989.1333333333,6164,121997.022492862
"BHLHE23",18,83,79007.6825396825,22164.6428571429,113613.613276003
"HOXD12::ELK1",17,49,79079.3529411765,30721,140435.486459059
"BHLHE40",38,172,79159.975708502,27312.5,116568.657490604
"NKX2-2",48,129,79298.9364583333,12343.5,141850.229909063
"ELF4",57,204,79445.1228070176,10285,156053.391156202
"ZNF93",22,102,79495.0151515152,10216.5,154286.616507794
"ZNF24",5,14,79576.64,55419.2,78174.2608378742
"SP4",126,772,79701.3517684851,11797,220119.661122406
"IRF9",9,27,80091.3333333333,21630,116002.682684497
"ZBTB7C",138,561,80265.237877302,15841,161203.590831012
"OSR1",84,300,80613.7751984127,14893.5,173327.117072781
"Npas2",42,188,80664.3607142857,25376,116881.609866967
"LBX2",73,279,80749.4588349246,25877,136898.962386981
"Nkx3-1",111,418,80784.9945079695,21920.75,140637.249373578
"GRHL2",45,139,80808.1852380952,24805,130440.247625441
"TBX3",35,80,80895.2285714286,13341,132420.112927643
"GBX2",73,283,80987.9304591907,27937,135343.326350136
"HES1",104,567,81091.0401098901,10408.1666666667,164315.856875481
"POU1F1",5,11,81578.2,40716,76255.4042983184
"THRB",48,161,81800.2520833333,19146.5,166340.933681429
"NFYC",57,174,81813.4549707602,17413,139721.451272055
"FEV",137,582,82210.0447688564,16103,154878.003567076
"ETV2::DRGX",39,122,82291.5897435897,30722,128802.143741143
"EBF3",86,527,82405.7828270088,19780,162620.290515154
"GCM2",78,238,82605.9497863248,13805,236692.045582586
"TRPS1",39,96,82622.5760683761,35699,120351.023433541
"TBX2",73,211,82627.8132420091,22193,120522.763220822
"CLOCK",86,354,82705.7544867277,17372,153726.54440787
"TFE3",25,136,83043.68,28812,150507.059372565
"NKX2-5",51,134,83419.4495798319,21940,140154.978090044
"KLF5",174,1265,83422.3253834269,15609.5,198234.102917763
"SMAD3",6,18,83454.8333333333,29938.5,98536.4408275774
"MYCN",46,266,83485.0641304348,14258.5,129306.756572354
"NFIA",92,320,83668.2148421325,24612,130344.802272295
"Dlx3",75,306,83751.4845238095,27937,141094.027902405
"POU4F3",5,12,83844.3333333333,55430,78002.3506454916
"SP5",200,1458,84087.119942534,17971.8,180846.965213931
"ZNF75A",9,24,84122.7777777778,24799,110794.872673308
"NR2F6",5,19,84147.8,109096,71208.9497514182
"USF1",29,123,84319.2844827586,28812,145376.834466741
"Dlx4",103,403,84523.6537335911,25911.5,149974.684355112
"DLX6",96,405,84533.5434486231,26135.75,153023.188154692
"ELF1",176,762,84621.1557359307,19924.5,152747.341746859
"NR2C1",224,1255,84656.5830103149,19545.8333333333,161828.664797606
"ISL2",150,643,84752.9282315832,27551.5,125715.415800867
"ZNF263",128,580,85038.8900306074,21000,194695.442787226
"GATA6",59,148,85102.8935028249,35699,120202.185614023
"ETV5",122,514,85263.8293520687,14123,162012.874705548
"TCF4",90,430,85476.4171190075,9180,242490.619160044
"TEAD1",18,36,85509.1111111111,46454,120232.512339212
"ZSCAN21",48,166,85604.4991319444,35175,127748.106772923
"Hoxd13",43,106,85606.0511627907,23713,149864.468863134
"MSANTD3",125,420,85692.4602564103,23118,155125.278712736
"GATA5",89,254,85704.2428303906,33053,115145.479787058
"PKNOX2",2,7,85884,85884,111943.488743205
"TGIF1",2,7,85884,85884,111943.488743205
"OLIG2",34,138,86019.4916666667,21647,114479.145652733
"FOXD3",28,87,86050.5386904762,44512.5,95971.7883294353
"BARHL1",75,217,86149.5881587301,21182,140388.962121169
"MEF2C",46,160,86204.402173913,24244.25,111356.085115002
"HOXD9",50,133,86315.411,40594.5,104751.830765793
"MITF",28,154,86439.8571428571,35499.5,143154.261979662
"Nr1h3::Rxra",31,87,86454.7419354839,39112,92274.5539174507
"TLX2",75,318,86513.6174300144,30851,140034.243955408
"RAX",114,500,86723.4824618364,24603.4166666667,156103.178304917
"MAFK",40,158,86883.9341666667,30298.8333333333,179299.674071232
"Ahr::Arnt",160,715,86995.4957414488,18985.75,192615.871950984
"TBR1",45,109,87298.58,23708,122293.351611502
"Ikzf3",177,813,87329.7783023944,22214,151519.309530096
"TGIF2LY",12,72,87621.3333333333,23320.5,113161.809490444
"SHOX",88,314,87904.898481569,27143.5,152355.986989921
"DUX4",55,183,87999.1038961039,40725,146230.666541274
"SPIB",129,565,88106.7901808786,29380,137790.988885119
"MEIS2",83,322,88118.6582042456,29402.5,124674.869889083
"POU3F1",24,57,88234.5,40715,170105.801127467
"FOXD1",50,134,88316.1466666667,47283.5,113239.607614598
"MEIS3",149,616,88538.615933712,23154,147666.40483105
"Irf1",64,247,88739.0692708333,30092,139142.490544465
"ELK4",210,1168,88833.242281746,21547.3333333333,162349.416610678
"TCF3",88,339,88890.8664799216,8933.25,243061.999412742
"FOXA3",61,175,88954.0806010929,49488,113984.516782487
"CREB1",32,130,89267.4270833333,15209.5,187794.199331924
"ATOH7",98,512,89357.643148688,21893.1666666667,214258.78303814
"ELF2",212,1177,89389.280345912,22529,160384.856029418
"SOX21",1,2,89458,89458,NA
"ZNF257",146,684,89487.305827848,18011.25,200841.210494513
"NFIX",203,1328,89493.7770137285,20234.6,191246.29665227
"SREBF2",39,184,89516.6282051282,41535,115311.937041257
"HOXA1",88,490,89691.5263933983,25577.625,157139.938213751
"TBP",85,350,89724.6559122316,40717,105445.851089662
"Dmrt1",30,84,89841.7666666667,37858,105864.45615118
"TBX4",111,392,90040.4206251706,20278,207194.765139001
"NFKB1",13,70,90078.4307692308,21172,124643.186865731
"EMX1",54,249,90099.6367965368,30461.5,157103.874690763
"GATA1::TAL1",13,45,90172.2307692308,15685,124431.161173661
"PAX2",23,68,90185.9043478261,21960,179078.851516591
"MNX1",132,628,90203.5886997564,27136.5,150259.209506463
"Esrrg",50,126,90321.045,29660,154009.181641607
"NKX2-4",156,638,90472.9627040357,18689.5,201714.720120909
"ZNF766",80,292,90678.60375,30732,142849.560729476
"Lhx8",129,851,90860.1645686901,30851,149898.052433754
"SMAD2",120,374,90867.4035225885,19095.5,170949.307232058
"ZBTB26",68,222,91117.0696778711,22079,174727.712772985
"ZBTB6",39,106,91159.1282051282,15600,182599.342998426
"Foxo1",66,193,91163.2247474747,40613.6666666667,126396.282203113
"MSX1",93,380,91302.2463145278,26355,154148.92812304
"BARX1",116,369,91325.0628489327,39646,144824.230321543
"Mafb",38,120,91367.7807017544,34756.5,122323.435500416
"SPDEF",83,334,91393.4759036145,11014,178990.698928602
"FOXP1",68,197,91435.7512254902,53191.125,110195.644948686
"FOXS1",62,181,91567.6491935484,42432.1666666667,133014.849184948
"ZIM3",61,216,91572.7418032787,24458,251918.676816798
"HIF1A",68,253,91688.3946428572,13433,161811.978554873
"RFX7",150,682,91800.1261349206,23658,189284.342078587
"HOXA10",61,188,91895.3286885246,41579,110543.410849743
"ETV4",192,1100,91940.0937065972,18013.25,165861.832972949
"GCM1",39,112,91966.0752136752,29778,125952.587762391
"MEIS1",224,1502,92180.1660238386,21831.0142857143,163208.217343001
"THAP1",102,337,92253.9385115157,15854.5,189403.353462259
"FOXK2",75,217,92327.37,51293,121129.188742716
"Nr1h3",201,862,92475.249155267,21742.4,175101.188515203
"SOX10",114,412,92476.6695802005,30086,149506.365397153
"NFKB2",32,270,92575.81875,21677,135748.035492013
"ERF",146,650,92623.4404109589,17434.75,173005.754461718
"OLIG1",23,104,92673.1413043478,30842,122875.643769627
"RAX2",91,318,92675.3304116518,30798,151962.496167713
"GSC",54,112,92725.876984127,49682.8333333333,116229.227897916
"ETV2::HOXB13",48,160,92744.6895833333,22514.3,153401.955539408
"TCF12",85,383,92886.3971342383,8960.5,249586.679672204
"NR1I3",126,349,92975.5887746512,25365,163713.947896922
"ZNF354C",209,1125,92992.6892904137,21965,202776.022288512
"IRF3",28,84,93037.2857142857,41666,104901.575566269
"ETS1",200,1124,93594.7171442308,21550.6666666667,170989.20651188
"Shox2",101,431,93613.4190990528,24799.3333333333,171032.939867128
"FOSL2",73,437,93627.5835942596,33313.4,136464.481987437
"Erg",182,866,93652.8000704424,23294.125,167868.258346429
"TEAD2",48,117,93667.003125,31279,181201.764222804
"ETV5::FOXI1",107,429,93667.1622274143,26348,143666.888184315
"PITX2",43,80,93772.8875968992,55774,109115.838070846
"ARNT::HIF1A",100,351,93849.0823974359,25143,165609.118474023
"ETV3",136,564,93892.6132352941,21414,160142.800438738
"ETV2::FOXI1",159,766,93948.2276804432,24449.5,168049.824087829
"Alx4",7,19,94052.5714285714,102850,74623.3373569268
"FLI1::DRGX",24,75,94111.2083333333,34252.5,137755.710854863
"FOXJ2::ELF1",160,821,94200.5868658425,23292.25,166610.696060215
"EOMES",40,94,94229.115,22068,132120.812278164
"ZKSCAN5",116,432,94376.8392651888,25343,212793.029262832
"PITX1",63,143,94685.3261904762,40914,130395.540214797
"FLI1",202,1194,94702.0929455446,22539.8,170397.409762757
"ALX3",94,412,94879.665113905,26113.5,170294.815391712
"SIX2",20,48,94904.35,76757,79240.6790323167
"Nr2e3",65,326,94922.4876923077,32316,166050.09928835
"OVOL2",39,125,94923.5801282051,26013,148540.294996277
"OTX1",124,344,94934.638844086,40890,129577.35504447
"Nr1H2",119,313,95038.1111144458,21129,180920.456710486
"Nr1H4",119,313,95038.1111144458,21129,180920.456710486
"DRGX",113,614,95093.5501056082,33313,156601.683861084
"MYB",129,671,95115.3032899594,21919.25,221377.28030983
"DLX1",169,866,95304.9044568663,27937,158317.326960305
"HOXC8",153,904,95388.313955306,32211.75,155682.450350797
"Hic1",122,370,95419.5089773614,15799.2666666667,221678.983094181
"ERF::HOXB13",102,349,95458.3879084967,28524,158280.219640732
"ARNT2",58,220,95490.7573070608,23876.5,172512.922837915
"GATA4",56,142,95576.6392857143,33277.5,146361.069427319
"Sox11",73,228,95684.5799086758,33390,164794.389756853
"BARHL2",192,1014,95708.6089432239,31414,149661.15076666
"Gata3",54,127,95731.5336419753,40226.1666666667,129449.618628326
"EVX1",136,653,95775.4646968228,39646,149358.697196181
"EN1",114,485,96051.0218918509,29794,160212.847503986
"JDP2",58,380,96155.4011494253,30848.5,146347.344344921
"Arid5a",26,77,96469.1923076923,26362,146465.380226733
"ETS2",197,1197,96543.9749365482,21940,203229.572030605
"TFAP4::ETV1",40,148,96555.4479166666,12049.375,307128.858877224
"Nkx3-2",34,101,96573.1558823529,25216.5,161598.232860309
"ETV1",187,954,96655.3399252708,23703,168993.661940813
"RHOXF1",228,1290,96697.4884703363,29216.75,163588.424716262
"TEAD4",41,88,96742.9,22216,187489.285357804
"BSX",121,403,96876.9872097599,40417.5,145667.481094498
"Foxn1",269,2743,96944.0740400093,25911.6666666667,187287.330713631
"MSX2",116,477,97042.9750634423,27146,159094.493174544
"ONECUT2",21,53,97362.619047619,24830,190274.88362642
"GSX1",165,905,97457.2115583847,30838.2222222222,154661.955496589
"Hnf1A",30,98,97582.3880952381,42005.5,111255.721716222
"ONECUT1",20,55,97661.33,33360,186840.75715553
"FOXP4",61,175,97671.543715847,51293,129933.189958282
"HAND2",151,751,97685.3578894383,15995.5,221264.700511317
"SOX8",104,301,97689.2334020146,39032.25,142805.273007338
"FOXA1",59,168,97731.0847457627,41599,131612.340905628
"EVX2",153,783,97877.0826681307,38359,149960.326998794
"ONECUT3",4,9,97938,101478,99249.3711180748
"NFYB",38,131,98128.6447368421,15983,194670.428995163
"ERF::FOXO1",136,596,98158.787359944,30834.5,155864.655835849
"Spi1",112,533,98270.6431547619,30437.5,157355.606273746
"NKX2-8",220,1236,98417.2579856565,23574.25,201917.685191097
"HOXB2",123,644,98473.002565727,33310,156785.960083494
"FOXN3",10,24,98567.1,44183.5,135584.588151087
"Stat5b",27,79,98625.3055555556,29377,150501.671337614
"OSR2",72,233,98651.0125,21905,186142.274377461
"ZNF701",21,64,98761.7857142857,17848,147384.815697087
"IRF7",33,114,98770.7121212121,23707,163234.176545205
"Hand1::Tcf3",70,201,98866.5345238095,31711.5,180721.113573889
"POU3F4",23,57,98875.1847826087,46809,172597.912353003
"HOXA7",174,843,98896.9987996678,31995.1022727273,164308.457695641
"ERF::FOXI1",216,1387,99024.5448338213,23586,201195.124416319
"Foxf1",78,240,99055.8288461538,51492,135217.372034761
"CDX4",48,136,99096.0080357143,29801,174084.719546265
"NR2F2",56,105,99103.4398809524,19880,196645.723653834
"HOXA6",148,629,99126.533558146,33250,166012.015084056
"FIGLA",191,1293,99132.1498805691,18065,215739.476204271
"HOXC11",7,21,99168.4285714286,85024,83817.7163191194
"Stat4",81,324,99205.0470846026,33110.6666666667,131738.608216051
"HOXC4",144,648,99208.233415379,33227.875,169033.61558993
"HNF1A",17,80,99314.6650154799,33312,163678.792216143
"NR2C2",281,3105,99333.9896862778,23760.7,199319.771432525
"PRRX1",109,448,99379.6753216822,27937,176062.092637513
"E2F6",116,541,99411.1095143362,13831.625,234256.980581958
"FOXC2",76,250,99532.900689223,27817.1428571429,176708.578930727
"Atf1",70,284,99609.3557823129,29222,190091.512006858
"SOX14",11,23,99716.3636363636,18313,246070.45908856
"RELB",85,301,99804.6241036415,25886,175260.294427983
"Foxj2",85,269,99876.35,51691,123698.209414088
"GABPA",158,698,99988.2647980711,23581,176784.093409404
"HIC2",259,2087,100005.740131023,23692,202140.363067678
"MIXL1",134,618,100083.460118927,30808,166696.387868394
"ESR1",3,6,100126,43150,122525.692134344
"UNCX",95,394,100303.758572568,25877,181429.803239617
"ETV2",162,712,100346.478909465,23586.25,176814.852462396
"MGA",90,289,100410.272486772,19349.5,223147.689773784
"MXI1",138,599,100575.215255035,31182.5,167983.5999261
"FOXO1::ELK1",104,412,100656.906181319,31414.5,160822.573745728
"Hmga1",47,121,101172.911854103,41599,127860.662140579
"RELA",42,183,101257.524305556,21677.5,147791.262177677
"IKZF2",241,1792,101299.765669618,25903.6666666667,196084.46325209
"PDX1",92,371,101353.046636787,40899.25,158246.734641664
"NKX6-2",145,675,101529.220644872,30818,163818.79104452
"BACH2",40,277,101648.108333333,30848.5,153126.854830552
"Nr2e1",74,257,101860.830405405,50567,142034.99861072
"PGR",37,208,101866.864864865,15719,186507.20709621
"Arid3b",88,260,101918.001841418,53152.875,136272.608481418
"HOXA9",145,621,101967.359693062,33042,172621.85939956
"ZNF768",71,250,102070.480985915,16100,188922.201773063
"MZF1",72,198,102131.254728836,25424,187032.256595039
"SIX1",53,150,102151.505031447,39108,171865.216470465
"Dux",8,37,102215.625,60251.5,130015.800300181
"NR2F1",46,122,102381.502173913,22619,199689.190121506
"HOXD4",115,467,102431.19278562,33310,160858.933738331
"INSM1",57,155,102438.051754386,13370,263899.79228309
"STAT1",78,286,102446.232783883,26442.5,174262.779380281
"PITX3",91,222,102494.541862899,40326,139346.152403924
"Crx",57,118,102683.676065163,47765.6666666667,134547.06029412
"FOSL1::JUN",75,484,102721.562063492,33327,176804.666443112
"STAT1::STAT2",94,423,102756.579787234,32477,182592.29871244
"ZNF175",160,724,102832.52447516,24068,177570.697805788
"HOXA2",117,476,102991.323718874,33330,159874.70143807
"STAT3",122,589,103043.846744672,37406.75,158800.937578785
"TFEB",92,421,103129.379839033,25309.5,184295.186355958
"ZNF708",42,127,103153.932142857,31360.5,150225.011713002
"HOXB4",115,492,103274.216883262,33330,160642.434402047
"FOXK1",77,230,103282.762770563,41590.3333333333,152930.140059384
"HOXD12",14,28,103345.214285714,59293.5,123711.050367178
"Zfp335",131,515,103390.174881861,23497,217631.787361132
"EHF",200,1018,103415.590190934,22072,210355.168245903
"TGIF2LX",10,66,103430.033333333,36448.5,118228.133321986
"ASCL1",151,1481,103451.112857816,16200,235689.211850345
"NFATC4",127,503,103733.85019685,24469,224459.16647601
"TBX18",37,83,103739.026126126,13341,167244.194118974
"DMRTA1",75,241,103814.358603175,39636,174888.069693215
"TEAD3",107,316,103849.411793502,35682,177252.274159547
"OTX2",62,121,103973.559139785,41648.5,139524.701392678
"ETV6",218,1270,103984.143480602,23580.8,208584.684174205
"HOXC13",10,18,104002.4,84600.5,78985.0249410186
"Stat2",96,450,104053.059375,34549,156630.870596565
"GSX2",181,914,104075.477137498,33145.75,182496.112034688
"HOXB5",74,377,104269.056081081,33237.875,172269.598805218
"ELF3",194,974,104383.620747423,23287.3,212040.349155523
"SOX9",45,123,104492.589259259,33198,162031.884935953
"NFATC3",281,2823,104510.634203801,26236.3333333333,197946.558381287
"MLXIPL",52,191,104596.223855311,29239,179150.735028049
"HOXB6",172,821,104665.160585533,36130.8888888889,175241.11690141
"NKX2-3",124,481,104679.669843597,23282,222151.213239269
"SOX15",144,613,104738.345610383,36095,164870.319812605
"Nfatc1",182,831,104854.320368124,27137.5,210213.624030564
"FOXO1::ELF1",88,309,105002.605790043,51493.25,148837.209854022
"FOSL2::JUNB",73,526,105004.323744292,33314,179446.191083403
"SOX18",153,611,105117.124600866,39602.4285714286,156968.694539719
"Hoxa13",47,125,105135.502279635,40096,155004.55075443
"POU6F1",132,610,105236.864959217,40720,166107.15337696
"DMRTA2",198,1241,105310.062439459,29073,213118.293620483
"Prdm5",4,12,105368.25,68769,124748.613657961
"FOSL1::JUND",122,789,105563.724193107,36229.25,175697.611257158
"MEF2D",22,86,105825.984848485,67220.5,114240.806364723
"HOXB3",168,802,105864.382278426,40330.6666666667,171906.061102942
"IKZF1",182,971,106006.661319831,30303,210928.183468522
"OLIG3",66,272,106092.376010101,24510,174769.110307792
"Yy1",47,136,106339.921276596,40100,159565.086581729
"ZEB1",158,794,106344.238681686,17607.5,227642.788142747
"Dmbx1",18,37,106405.388888889,37778.5,158859.019277412
"SNAI1",139,643,106461.498909663,17844,236070.825270506
"ZNF460",14,38,106507.214285714,38226.5,144484.996204918
"HOXB7",99,295,106525.970093795,33146.5,168080.862777624
"Lhx4",139,693,106581.43772235,30798,172377.14926247
"Foxo3",72,217,106766.784490741,42432.1666666667,156519.016563021
"MEF2A",36,112,106893.340277778,41083,125248.044702519
"NFIC",42,169,106919.617424242,24307.25,172127.170501345
"FOXL1",129,489,106940.006154225,33121.5,216841.469535246
"NEUROG2",102,559,107194.912941634,15254.1666666667,251726.981216621
"Stat5a",28,82,107274.901785714,53191,146155.073417477
"ETV7",224,1468,107403.775842612,24320,211876.7625292
"BATF3",75,392,107420.739365079,33799,174676.237412548
"BATF::JUN",75,428,107420.751587302,33799,174676.230112997
"FOXA2",72,201,107422.877083333,51491.5,146771.963279288
"DMRT3",52,156,107423.048076923,41063.5,152406.208213646
"TCF7",62,185,107483.531605223,40075.75,162775.026459362
"OVOL1",11,26,107487,16594,177781.977656904
"JUND",82,476,107489.894157485,31355.8333333333,194732.086961441
"GFI1",38,137,107531.686842105,46647.5,159015.343574751
"FOXF2",42,112,107639.833333333,29020.5,156491.555202987
"VAX2",198,1527,107756.206504609,33148,201386.534504722
"mix-a",28,62,107946.954081633,43875,169766.628009723
"BHLHA15",29,150,108145.870689655,34392,131833.522832786
"BNC2",74,424,108203.772039897,33556.5,175735.971246066
"FOXH1",77,216,108218.90445269,41427,170169.251033
"RBPJ",198,859,108295.710444171,25345.75,212256.922758859
"NOTO",124,514,108443.892926388,40720,177897.485456694
"EMX2",84,352,108491.427161427,29366.5,193697.91882674
"EWSR1-FLI1",3,9,108956.333333333,13453,169343.523620873
"NRL",27,87,109095.543209877,55437.5,135212.891994911
"Arntl",44,160,109330.316115702,30773,191250.617574991
"JUN::JUNB",99,582,109411.425817701,36709,187511.863468336
"FERD3L",25,137,109440.54,30842,145949.107959827
"Hmx1",18,40,109524.777777778,59572,194494.235616851
"DMRTC2",26,77,109609.5,40105,179578.02273892
"MEF2B",20,76,109686.533333333,63302.5,119313.602698884
"FOXB1",36,102,109895.196825397,56538,129038.605373456
"SPIC",105,442,109941.347777778,40093,154465.622546587
"Elf5",203,1224,109996.844234183,29772,212914.281085827
"GLI3",2,6,110472.5,110472.5,76829.273096262
"FOXC1",93,330,110663.197930206,38352,179264.180708134
"TWIST1",66,279,110829.136734478,25433,215208.851577621
"CDX1",42,112,110919.557142857,53006,179584.319727539
"Sox1",2,7,110983,110983,30440.9469300809
"ETV5::FOXO1",117,485,111016.33521571,40535,161625.18529858
"RORC",81,231,111022.50462963,19791,260793.128970062
"FOSL1::JUNB",67,410,111140.908706468,33327,186097.860915096
"Neurod2",133,1329,111216.451591424,18737,244546.431924089
"HOXB1",125,592,111257.18956167,46807,174550.683727228
"TFAP4",103,839,111343.122953401,28812,233146.854722129
"GATA1",48,115,111535.65625,45879,141828.395062827
"Foxq1",18,53,111549.488888889,33731,175570.561880264
"SCRT1",30,92,111578.893333333,34338.5,159686.344630168
"SNAI2",59,246,111589.924616626,9514,292353.636873908
"ZNF274",24,62,111647.5,35411,188683.516858487
"Gfi1B",81,312,111700.032172149,36488,244510.190811729
"ARGFX",25,74,111942.19,33199,177606.21425539
"SCRT2",31,108,111961.596774194,24804,163697.298098829
"Dlx2",30,77,112072.8,46926.5,129092.427939322
"Dlx5",30,77,112072.8,46926.5,129092.427939322
"BATF",77,440,112113.385745207,36710,176395.231983948
"FOXP3",166,819,112166.963140295,37427.5625,211804.070220733
"JUNB",62,396,112435.002688172,31341.625,190629.728024662
"Isl1",54,129,112577.226190476,53354,172435.561309482
"FOS::JUND",60,354,112691.995634921,33320.5,192427.750840775
"ZBED2",83,328,112734.722891566,24469,263231.232177896
"RORA",20,42,113019.525,40747,235230.306302337
"ZNF549",94,347,113139.031243668,16327.8333333333,253993.5403485
"FOXO1::ELK3",71,256,113206.271361502,51296,160178.482400601
"FOS::JUN",80,525,113414.795684524,33320.5,200178.481842156
"Atf3",80,433,113533.252321429,37911.5,174422.278512611
"FOS",86,543,113585.143073741,33562.75,184930.841751511
"ETV5::HOXA2",34,111,114021.385294118,36153,200463.814376769
"FOSL2::JUN",81,520,114091.793797766,33799,198782.039640564
"SOX4",125,463,114205.755390476,35681.75,182403.874873982
"NFE2",40,252,114277.55,31384.5,170538.134241131
"TBX20",12,29,114336,74412,117447.862348286
"FOS::JUNB",62,419,114458.648655914,33563,190845.22711699
"FOXI1",95,314,114794.238421053,39637,233765.781989125
"MEOX2",123,509,114834.459618363,40719.5,181120.099943783
"FLI1::FOXI1",129,492,115091.097157623,36471.75,184881.007964362
"VAX1",113,451,115494.66903259,33330.5,188701.854684022
"FOSL2::JUND",78,528,115685.893192918,33563,201949.692331751
"ZNF189",63,183,115925.243386243,52029,156582.097228418
"MYOD1",63,297,116123.71031746,13486,273304.093290889
"ZNF384",71,436,116322.573882472,51292.5,166592.283137262
"SOX2",57,175,116360.312719298,51669,171046.961718132
"Jun",66,401,116652.943326118,35254.25,184781.612602751
"BHLHE22",128,1080,116678.347288519,23899.75,247994.127258595
"NR6A1",6,13,117021.166666667,89415,115702.282624703
"VENTX",54,140,117032.80180776,60208,160882.290463151
"FOXO6",93,315,117218.825268817,41601.75,235924.940545684
"FOXO1::FLI1",67,241,117223.119402985,51690.5,162833.686500079
"FOSB::JUNB",78,550,117261.050854701,36456,201036.538936297
"BARX2",100,336,117419.626433442,41010.7857142857,179545.869357777
"Ebf4",62,383,117508.481867058,23999.5,292298.379519788
"RUNX2",114,460,117548.385940546,31133.75,240144.247584997
"Atoh1",109,585,117763.715181119,26360,248683.296128035
"POU3F3",8,14,117908.125,84385,102888.026591238
"Hmx3",16,36,118228.1875,63330,204778.71870427
"PHOX2A",24,77,118333.217261905,21135,206239.131852386
"JUN",64,226,118471.910714286,34572,203049.793768482
"HOXA4",197,999,118511.8279782,33312.2,228951.513896137
"EBF1",70,497,118633.160835223,23999.5,281846.055592616
"BACH1",59,318,118952.964689266,33799,193958.724676202
"FOXP2",74,249,119033.141666667,55063.125,166551.588630375
"PAX4",30,102,119105.467857143,59650,173425.424143186
"HOXD8",79,252,119550.846485371,51988,187604.937155171
"HOXC12",23,59,119918.52173913,63865,130345.703202297
"HOXB8",81,254,120003.726819066,51988,186479.324210123
"NKX6-1",109,383,120024.901823941,55425.5,175524.613428261
"ZNF652",14,30,120273.714285714,50165.5,135354.983029769
"LHX5",70,270,120490.902123234,48472.25,184992.150454035
"ESX1",112,445,120502.169067242,40720,188230.21671697
"FOXO4",112,374,120719.275824176,41057.9166666667,231445.786342366
"FOXG1",40,106,120941.75,71057,139363.885758063
"HOXC10",54,156,121170.21494709,56172.75,174518.979106536
"ZBED1",4,18,121612,97787.5,145620.260598128
"FOSL1",57,366,121717.378654971,33799,196479.089358007
"NEUROD1",69,335,122172.462042788,13339,292926.530314244
"Vdr",64,176,122210.113095238,40570.3333333333,186261.899545622
"LIN54",70,213,122702.279421769,55787.25,174552.665162839
"TCF7L2",80,243,123245.031785714,40744,199480.079239851
"Runx1",124,581,123369.86297043,31133.75,243274.019235305
"Olig2",116,966,123443.883887521,21872.25,259063.856833063
"Tcf12",116,966,123443.883887521,21872.25,259063.856833063
"Twist2",116,966,123443.883887521,21872.25,259063.856833063
"LMX1B",16,49,123505.395833333,59332.1666666667,202666.039037889
"HOXD11",27,69,123825.018518519,79688,129438.700150084
"POU3F2",13,31,123969.538461538,68852,134549.734746806
"Ptf1A",89,1026,124257.510307525,19913,271797.818449566
"POU2F1",30,67,124325.008333333,44204.375,217202.861630218
"PRDM1",116,484,125007.24137931,30055.5,244910.910134784
"EN2",75,311,125135.496928571,55423.75,182135.893605065
"HOXA3",94,383,125194.413731854,53342.2,185920.670796359
"Nfatc2",95,311,125710.448596491,39639,251511.058042343
"MGA::EVX1",22,51,125753.056818182,88943.625,135223.434487939
"Alx1",15,50,126464.783333333,63865,206063.850079265
"RUNX3",98,376,127029.501360544,37464.5,256744.16095917
"MEOX1",106,407,127288.783118218,53342.2,191287.77664528
"Rarb",1,1,127429,127429,NA
"Foxj3",38,95,127514.078947368,85494,121568.333499473
"ZNF35",8,19,127565.5,53036.5,130126.833894584
"ATF2",32,114,127779.015625,23942,228561.151923834
"SREBF1",61,284,127826.461748634,31895,276090.70260724
"SOX13",60,161,128404.412083333,53296.5,178834.850734546
"VSX2",54,190,128723.476605956,55075.25,197041.336763947
"Rhox11",38,121,128809.279605263,41074.0625,183721.748982008
"Sox3",61,164,129149.806967213,54822,177702.879830072
"VSX1",57,226,129598.604737806,56122,191980.284464687
"PBX2",18,59,130146.625,59422,194396.007203085
"POU2F3",21,53,130373.333333333,55778,196406.984046987
"Foxl2",32,99,130559.081770833,55781,183718.152134049
"GBX1",72,258,130599.377926587,48472.25,201410.673063298
"MAFF",15,41,130971.266666667,55759,161010.156048114
"LBX1",69,232,131858.985119048,79711,185254.617713664
"TFCP2",37,147,132738.542342342,51365.5,194967.630377169
"Stat5a::Stat5b",131,569,133129.207621471,33171,245799.480251624
"BCL11A",86,214,133368.164922481,33969,278142.777029475
"LHX9",70,283,133520.322277841,55772.875,198597.993562537
"Mecom",5,8,133660.6,30889,256264.415911183
"POU5F1B",32,79,133753.352678571,52611.5,214849.241375349
"Nfat5",77,254,133778.773376623,40097,278140.865257325
"ZNF341",56,172,134189.358928571,60739.5,168872.021235363
"IRF6",33,100,134342.227272727,42276,338291.216255663
"RORB",39,94,135407.97051282,51365,213905.881794023
"Sox6",82,261,135457.526829268,40744,203119.271409071
"ERF::FIGLA",41,140,135472.213414634,32282,317938.710511434
"ZNF784",51,153,135819.374183007,25980,291130.932240763
"Hand1",39,84,135832.897435897,29318,231701.04398236
"NHLH1",78,464,136187.022649573,15192.75,283744.605419097
"SRY",92,225,136295.766847826,57053.5,192879.471481922
"Stat6",56,227,136407.121428571,38504.25,286619.974230314
"HMBOX1",122,498,136949.645960779,46453.5,250475.43043869
"Lhx3",4,21,137675.845238095,127294.5,101327.48406505
"NKX6-3",74,219,137902.491409266,65710.25,201887.585850024
"Bcl11B",84,337,139130.958092404,42775,267741.846018606
"Arid3a",86,225,139758.394324474,62808,252656.158293078
"MYOG",66,564,140372.151226551,19206.5,307798.494866714
"ZBTB32",17,40,141777.294117647,85968,213288.203094359
"ZNF135",4,9,142027.75,162262.5,99446.3786884671
"ETV2::FIGLA",25,92,142134.59,13476.25,388395.879197995
"Prdm4",30,81,142242.083333333,23206.5,354125.993584985
"PRRX2",57,194,142467.043379282,79711,199192.198158351
"ZBTB18",50,152,144448.19,36448,307842.05010153
"Bhlha15",70,542,144605.485918367,21986.75,301745.257886621
"LHX6",56,293,144706.82997449,88173.125,180109.170324117
"Ascl2",59,394,145523.676836158,21912.3333333333,300918.354785601
"Sox17",18,45,146160.833333333,28414.5,247402.185832811
"Npas4",35,108,147190.778571429,26016,350694.850421111
"ZNF317",61,225,147319.643442623,40567,219577.765945125
"ETV5::FIGLA",24,94,147325.041666667,14782.5,395857.181039338
"SATB1",30,69,147361.946666667,56449,204553.886758147
"LMX1A",36,118,149888.829861111,56839.1666666667,213060.189142971
"Spz1",45,138,150471.39,43275,309152.460627262
"TCF7L1",6,16,150583.333333333,137276.5,107811.412523288
"ZNF680",39,118,150937.974358974,51672,321020.993835273
"HOXA5",86,411,151957.826578073,65792.8,220343.766386
"PAX3",12,70,154388.995098039,54601,243285.325445391
"BCL6",9,21,154855,84820,143025.045452711
"MYF5",62,422,155047.103225806,27714,316959.468450742
"HOXD10",20,44,155883.15,71776,243490.07474558
"Rfx6",15,48,156836.203333333,21907.25,484627.742176875
"TFEC",51,178,156992.15556992,29666,318563.16531347
"HOXD3",47,188,157634.921935157,99876,189922.277742375
"GRHL1",11,39,160299,161105,184324.51829857
"ESRRA",16,31,160499.5625,46231.5,235691.084756288
"Nkx2-1",31,75,162750.979032258,33200,363367.828267187
"Tbx6",33,72,163912.813131313,68696,215765.538143708
"MSC",37,172,164256.153153153,30735,345619.021973915
"Sox7",18,50,164345.555555556,61760,243065.143421706
"NR1H4::RXRA",9,28,165547,109096,255723.841757569
"ZNF675",3,9,165668.333333333,210348,99812.7472637305
"ESR2",32,85,166507.635416667,35494.5,280769.944820088
"PROX1",1,3,170625,170625,NA
"POU6F2",49,152,171999.306413994,97011,200704.762287584
"ZNF76",6,15,172960.833333333,74867.5,220629.641991657
"ZNF214",10,25,175179.4,71273,227001.383289079
"Lhx1",9,46,175546.968253968,63865,268024.646657279
"HSF4",12,33,176933,88477,248496.741623416
"Hoxa11",26,65,180127.391025641,130031,219562.146837285
"ZNF667",10,23,182108.1,54157.5,258590.130747246
"HOXB9",19,37,183994.842105263,127566,245637.591817309
"POU5F1",39,88,184892.903846154,67723,355180.01412298
"PHOX2B",6,13,186756,40133,326609.707463204
"MYF6",29,160,188662.293103448,30735,382509.522599917
"HOXC9",18,36,192047.722222222,130031,250164.952747254
"PROP1",10,20,200575,20796.5,296266.107851633
"TFAP4::FLI1",16,51,201062.75,10687,475794.206546836
"ESRRB",12,25,205161.5,98125,258723.412539864
"Nr2F6",3,7,208085.333333333,210343,119893.443525213
"Nr5A2",23,39,208916.52173913,99852,262461.353485677
"ZNF816",8,19,209555.375,253372.5,128806.017733132
"NHLH2",15,68,210502.2,21904,485717.687592355
"ZKSCAN1",13,32,211431.384615385,11438,523339.757286402
"ZNF143",6,15,216168.666666667,190248,222663.14705911
"Arx",14,37,217433.5,114937,287522.185682788
"REST",1,2,218302,218302,NA
"Pax7",6,31,221979.156862745,110795.5,321831.743253019
"Tcf21",21,110,222215.333333333,43280,417482.938922938
"RARA",2,4,227130.5,227130.5,140999.213488941
"Prdm15",16,36,236594.34375,109318.5,292511.009322767
"NR1D1",5,15,240045.6,39118,460091.098941612
"Thap11",5,14,243523,216106,220756.933701979
"ELK1::HOXA1",4,12,248581.5,205657.5,240670.103220847
"NR1D2",5,13,249312.2,39618,454493.935264487
"NR4A2::RXRA",9,26,262588.888888889,127471,342046.537713234
"ZNF324",9,23,263706.555555556,63880,412111.450911374
"ZNF211",6,18,266046.5,201877.5,300829.964853736
"Rarg",1,3,326834,326834,NA
"ZSCAN31",1,3,329344,329344,NA
"ERF::NHLH1",6,21,550752.666666667,211915.5,736707.153418145
"ZNF282",1,1,577760,577760,NA
